#{"t_start": 1791423658.3553922, "env_id": "None"}
r,l,t
-2591822.21188,26304,107.809872
-2481485.937926,26304,222.842153
-2154516.157992,26304,340.491241
-1788182.494933,26304,460.373144
-1377857.010855,26304,582.574088
-937537.747917,26304,707.034185
-523451.853949,26304,834.370545
-157909.574034,26304,963.855637
138532.922941,26304,1098.419533
174708.51439,26304,1235.48737
190099.12245,26304,1371.474361
215295.353,26304,1507.255519
221630.38252,26304,1642.698516
220496.100736,26304,1775.221708
231670.445805,26304,1904.353746
231004.769777,26304,2034.236196
